ID:START	AR	BW	CL	JG	JL	LB	MAD	MM	NB	SB	SN
1-1	_	_	_	_	_	_	_	_	_	_	_
1-2	_	_	_	_	_	_	_	_	_	_	_
1-3	_	_	_	_	_	_	_	_	_	_	_
1-4	_	_	_	_	_	_	_	_	_	_	_
1-5	_	_	_	_	_	_	_	_	_	_	_
1-6	_	_	_	_	_	_	_	_	_	_	_
1-7	_	_	_	_	_	_	_	_	_	_	_
1-8	_	_	_	_	_	_	_	_	_	_	_
1-9	_	_	_	_	_	_	_	_	_	_	_
1-10	_	_	_	_	_	_	_	_	_	_	_
1-11	_	_	_	_	_	_	_	_	_	_	_
1-12	_	_	_	_	_	_	_	_	_	_	_
1-13	_	_	_	_	_	_	_	_	_	_	_
1-14	_	_	_	_	_	_	_	_	_	_	_
1-15	_	_	_	_	_	_	_	_	_	_	_
1-16	_	_	_	_	_	_	_	_	_	_	_
1-17	_	_	_	_	_	_	_	_	_	_	_
1-18	_	_	_	_	_	_	_	_	_	_	_
1-19	_	_	_	_	_	_	_	_	_	_	_
1-20	_	_	_	_	_	_	_	_	_	_	_
1-21	_	_	_	_	_	_	_	_	_	_	_
1-22	_	_	_	_	_	_	_	_	_	_	_
1-23	_	_	_	_	_	_	_	_	_	_	_
1-24	_	_	_	_	_	_	_	_	_	_	_
1-25	_	_	_	_	_	_	_	_	_	_	_
1-26	_	_	_	_	_	_	_	_	_	_	_
1-27	_	_	_	_	_	_	_	_	_	_	_
1-28	_	_	_	_	_	_	_	_	_	_	_
1-29	_	_	_	_	_	_	_	_	_	_	_
1-30	_	_	_	_	_	_	_	_	_	_	_
1-31	_	_	_	_	_	_	_	_	_	_	_
1-32	_	_	_	_	_	_	_	_	_	_	_
1-33	_	_	_	_	_	_	_	_	_	_	_
1-34	_	_	_	_	_	_	_	_	_	_	_
1-35	_	_	_	_	_	_	_	_	_	_	_
1-36	INTERACTION	_	_	_	_	INTERACTION	_	INTERACTION	_	_	_
1-37	DRUG	_	DRUG	_	DRUG:HYP	DRUG:HYPER	_	DRUG	_	_	_
1-38	_	_	_	_	_	_	_	_	_	_	_
1-39	BEVERAGE[1]	_	BEVERAGE[1]	_	BEVERAGE[1]	BEVERAGE[1]	_	BEVERAGE[1]	_	_	_
1-40	BEVERAGE[1]	_	BEVERAGE[1]	_	BEVERAGE[1]	BEVERAGE[1]	_	BEVERAGE[1]	_	_	_
1-41	BEVERAGE[1]|FOOD[2]	_	BEVERAGE[1]|FOOD[2]	_	BEVERAGE[1]|FOOD[2]	BEVERAGE[1]|FOOD[2]	_	BEVERAGE[1]|FOOD[2]	_	_	_
1-42	_	_	_	_	_	_	_	_	_	_	_
1-43	_	_	_	_	_	_	_	_	_	_	_
1-44	_	_	_	_	_	_	_	_	_	_	_
1-45	_	_	_	_	_	_	_	_	_	_	_
1-46	_	_	_	_	_	_	_	_	_	_	_
1-47	_	_	_	_	_	_	_	_	_	_	_
1-48	_	_	_	_	_	_	_	_	_	_	_
1-49	_	_	_	_	_	_	_	_	_	_	_
1-50	_	_	_	_	_	_	_	_	_	_	_
1-51	_	_	_	_	_	_	_	_	_	_	_
1-52	_	_	_	_	_	_	_	_	_	_	_
1-53	_	_	_	_	_	_	_	_	_	_	_
1-54	_	_	_	_	_	_	_	_	_	_	_
1-55	_	_	_	_	_	_	_	_	_	_	_
1-56	_	_	_	_	_	_	_	_	_	_	_
1-57	_	_	_	_	_	_	_	_	_	_	_
1-58	_	_	_	_	_	_	_	_	_	_	_
1-59	_	_	_	_	_	_	_	_	_	_	_
1-60	_	_	_	_	_	_	_	_	_	_	_
1-61	_	_	_	_	_	_	_	_	_	_	_
2-1	_	_	_	_	_	_	_	_	_	_	_
2-2	_	_	_	_	_	_	_	_	_	_	_
2-3	_	_	_	_	_	_	_	_	_	_	_
2-4	_	_	_	_	_	_	_	_	_	_	_
2-5	_	_	_	_	_	_	_	_	_	_	_
2-6	_	_	_	_	_	_	_	_	_	_	_
2-7	_	_	_	_	_	_	_	_	_	_	_
2-8	_	_	_	_	_	_	_	_	_	_	_
2-9	_	_	_	_	_	_	_	_	_	_	_
2-10	_	_	_	_	_	_	_	_	_	_	_
2-11	_	_	_	_	_	_	_	_	_	_	_
2-12	_	_	_	_	_	_	_	_	_	_	_
2-13	_	_	_	_	_	_	_	_	_	_	_
2-14	_	_	_	_	_	_	_	_	_	_	_
2-15	_	_	_	_	_	_	_	_	_	_	_
2-16	_	_	_	_	_	_	_	_	_	_	_
2-17	_	_	_	_	_	_	_	_	_	_	_
2-18	_	_	_	_	_	_	_	_	_	_	_
2-19	_	_	_	_	_	_	_	_	_	_	_
2-20	_	_	_	_	_	_	_	_	_	_	_
3-1	_	_	_	_	_	_	_	_	_	_	_
3-2	_	_	_	_	_	_	_	_	_	_	_
3-3	_	_	_	_	_	_	_	_	_	_	_
3-4	_	_	_	_	_	_	_	_	_	_	_
3-5	_	_	_	_	_	_	_	_	_	_	_
3-6	_	_	_	_	_	_	_	_	_	_	_
3-7	_	_	_	_	_	_	_	_	_	_	_
3-8	_	_	_	_	_	_	_	_	_	_	_
3-9	_	_	_	_	_	_	_	_	_	_	_
3-10	_	_	_	_	_	_	_	_	_	_	_
3-11	_	_	_	_	_	_	_	_	_	_	_
3-12	_	_	_	_	_	_	_	_	_	_	_
3-13	_	_	_	_	_	_	_	_	_	_	_
3-14	_	_	_	_	_	_	_	_	_	_	_
3-15	_	_	_	_	_	_	_	_	_	_	_
3-16	_	_	_	_	_	_	_	_	_	_	_
3-17	_	_	_	_	_	_	_	_	_	_	_
3-18	_	_	_	_	_	_	_	_	_	_	_
3-19	_	_	_	_	_	_	_	_	_	_	_
3-20	_	_	_	_	_	_	_	_	_	_	_
3-21	_	_	_	_	_	_	_	_	_	_	_
3-22	_	_	_	_	_	_	_	_	_	_	_
3-23	_	_	_	_	_	_	_	_	_	_	_
3-24	_	_	_	_	_	_	_	_	_	_	_
3-25	_	_	_	_	_	_	_	_	_	_	_
3-26	_	_	_	_	_	_	_	_	_	_	_
3-27	_	_	_	_	_	_	_	_	_	_	_
3-28	_	_	_	_	_	_	_	_	_	_	_
3-29	_	_	_	_	_	_	_	_	_	_	_
3-30	_	_	_	_	_	_	_	_	_	_	_
3-31	_	_	_	_	_	_	_	_	_	_	_
3-32	_	_	_	_	_	_	_	_	_	_	_
3-33	_	_	_	_	_	_	_	_	_	_	_
3-34	_	_	_	_	_	_	_	_	_	_	_
3-35	_	_	_	_	_	_	_	_	_	_	_
3-36	_	_	_	_	_	_	_	_	_	_	_
3-37	_	_	_	_	_	_	_	_	_	_	_
3-38	_	_	_	_	_	_	_	_	_	_	_
3-39	_	_	_	_	_	_	_	_	_	_	_
3-40	_	_	_	_	_	_	_	_	_	_	_
3-41	_	_	_	_	_	_	_	_	_	_	_
3-42	_	_	_	_	_	_	_	_	_	_	_
3-43	_	_	_	_	_	_	_	_	_	_	_
3-44	_	_	_	_	_	_	_	_	_	_	_
3-45	_	_	_	_	_	_	_	_	_	_	_
3-46	_	_	_	_	_	_	_	_	_	_	_
3-47	_	_	_	_	_	_	_	_	_	_	_
3-48	_	_	_	_	_	_	_	_	_	_	_
3-49	_	_	_	_	_	_	_	_	_	_	_
3-50	_	_	_	_	_	_	_	_	_	_	_
3-51	_	_	_	_	_	_	_	_	_	_	_
3-52	_	_	_	_	_	_	_	_	_	_	_
3-53	_	_	_	_	_	_	_	_	_	_	_
3-54	_	_	_	_	_	_	_	_	_	_	_
3-55	_	_	_	_	_	_	_	_	_	_	_
3-56	_	_	_	_	_	_	_	_	_	_	_
3-57	_	_	_	_	_	_	_	_	_	_	_
3-58	_	_	_	_	_	_	_	_	_	_	_
3-59	_	_	_	_	_	_	_	_	_	_	_
3-60	_	_	_	_	_	_	_	_	_	_	_
3-61	_	_	_	_	_	_	_	_	_	_	_
3-62	DRUG	_	DRUG	_	_	DRUG:HYPER	_	DRUG	_	_	_
3-63	_	_	_	_	_	_	_	_	_	_	_
3-64	BEVERAGE[3]	_	BEVERAGE[3]	_	BEVERAGE:HYP[3]	BEVERAGE[3]	_	BEVERAGE[3]	BEVERAGE[1]	_	BEVERAGE[1]
3-65	BEVERAGE[3]	_	BEVERAGE[3]	_	BEVERAGE:HYP[3]	BEVERAGE[3]	_	BEVERAGE[3]	BEVERAGE[1]	_	BEVERAGE[1]
3-66	BEVERAGE[3]|FOOD[4]	_	BEVERAGE[3]|FOOD[4]	_	BEVERAGE:HYP[3]|FOOD:HYP[4]	BEVERAGE[3]|FOOD[4]	_	BEVERAGE[3]|FOOD[4]	BEVERAGE[1]|FOOD[2]	_	BEVERAGE[1]|FOOD[2]
3-67	_	_	_	_	_	_	_	_	_	_	_
3-68	_	_	_	_	_	_	_	_	_	_	_
3-69	_	_	_	_	_	_	_	_	_	_	_
3-70	INTERACTION	_	_	_	_	INTERACTION	_	INTERACTION	_	_	_
3-71	_	_	_	_	_	_	_	_	_	_	_
4-1	_	_	_	_	_	_	_	_	_	_	_
4-2	_	_	_	_	_	_	_	_	_	_	_
4-3	_	_	_	_	_	INTERACTION	_	_	_	_	_
4-4	_	_	_	_	_	_	_	_	_	_	_
4-5	_	_	_	_	_	_	_	_	_	_	_
4-6	_	_	_	_	_	_	_	_	_	_	_
4-7	_	_	_	_	_	_	_	_	_	_	_
4-8	_	_	_	INTERACTION[1]	_	INTERACTION[5]	_	_	_	_	_
4-9	_	_	_	INTERACTION[1]	_	INTERACTION[5]	_	_	_	_	_
4-10	_	_	_	_	_	_	_	_	_	_	_
4-11	_	_	_	_	_	_	_	_	_	_	_
4-12	_	_	_	_	_	_	_	_	_	_	_
4-13	_	_	_	_	_	_	_	_	_	_	_
4-14	_	_	_	_	_	_	_	_	_	_	_
4-15	_	_	_	_	_	_	_	_	_	_	_
4-16	_	_	_	_	_	_	_	_	_	_	_
4-17	DRUG	_	DRUG	DRUG	DRUG:HYP	DRUG:HYPER	_	DRUG	_	_	_
4-18	_	_	_	_	_	_	_	_	_	_	_
4-19	_	_	_	_	_	_	_	_	_	_	_
4-20	_	_	_	_	_	_	_	_	_	_	_
4-21	_	_	_	_	_	_	_	_	_	_	_
4-22	_	_	_	_	_	_	_	_	_	_	_
4-23	INTERACTION	_	_	_	_	INTERACTION	_	_	_	_	_
4-24	_	_	_	_	_	_	_	_	_	_	_
4-25	FOOD	_	_	FOOD-HYP	_	FOOD:HYPER	_	_	_	_	_
4-26	_	_	_	_	_	_	_	_	_	_	_
5-1	_	_	_	_	_	_	_	_	_	_	_
5-2	_	_	_	_	_	_	_	_	_	_	_
5-3	_	_	_	_	_	_	_	_	_	_	_
5-4	BEVERAGE[6]	BEVERAGE[1]	BEVERAGE[5]	BEVERAGE[2]	BEVERAGE[5]	BEVERAGE[6]	BEVERAGE[1]	BEVERAGE[5]	BEVERAGE[3]	BEVERAGE[1]	BEVERAGE[3]
5-5	BEVERAGE[6]	BEVERAGE[1]	BEVERAGE[5]	BEVERAGE[2]	BEVERAGE[5]	BEVERAGE[6]	BEVERAGE[1]	BEVERAGE[5]	BEVERAGE[3]	BEVERAGE[1]	BEVERAGE[3]
5-6	BEVERAGE[6]|FOOD[7]	BEVERAGE[1]|FOOD[2]	BEVERAGE[5]|FOOD[6]	BEVERAGE[2]|FOOD[3]	BEVERAGE[5]|FOOD:HYP[6]	BEVERAGE[6]|FOOD[7]	BEVERAGE[1]|FOOD[2]	BEVERAGE[5]|FOOD[6]	BEVERAGE[3]|FOOD[4]	BEVERAGE[1]|FOOD[2]	BEVERAGE[3]|FOOD[4]
5-7	_	_	_	_	_	_	_	_	_	_	_
5-8	_	_	_	_	_	_	_	_	_	_	_
5-9	_	_	_	_	_	_	_	_	_	_	_
5-10	_	_	_	_	_	_	_	_	_	_	_
5-11	_	_	_	_	_	_	_	_	_	_	_
5-12	_	_	_	_	_	_	_	_	_	_	_
5-13	FOOD	FOOD	FOOD	FOOD	FOOD	FOOD	_	FOOD	FOOD	FOOD	FOOD
5-14	_	_	_	_	_	_	_	_	_	_	_
5-15	_	_	_	_	INTERACTION[7]	_	_	_	_	_	_
5-16	INTERACTION[8]	INTERACTION[3]	INTERACTION[7]	INTERACTION[4]	INTERACTION[7]	INTERACTION[8]	INTERACTION[3]	INTERACTION	INTERACTION[5]	INTERACTION[3]	INTERACTION[5]
5-17	INTERACTION[8]	INTERACTION[3]	INTERACTION[7]	INTERACTION[4]	INTERACTION[7]	INTERACTION[8]	INTERACTION[3]	_	INTERACTION[5]	INTERACTION[3]	INTERACTION[5]
5-18	INTERACTION[8]	INTERACTION[3]	INTERACTION[7]	INTERACTION[4]	INTERACTION[7]	INTERACTION[8]	INTERACTION[3]	_	INTERACTION[5]	INTERACTION[3]	INTERACTION[5]
5-19	_	_	_	_	_	_	_	_	_	_	_
5-20	_	_	_	_	_	_	_	_	_	_	_
5-21	DRUG[9]	_	_	_	_	_	_	_	_	_	_
5-22	DRUG[9]	DRUG	DRUG	DRUG[5]|DRUG[6]	DRUG:HYP	DRUG:HYPER	DRUG	DRUG	DRUG	DRUG	DRUG
5-23	DRUG[9]	_	_	DRUG[5]	_	_	_	_	_	_	_
5-24	DRUG[9]	_	_	DRUG[5]	_	_	_	_	_	_	_
5-25	DRUG[9]	_	_	DRUG[5]	_	_	_	_	_	_	_
5-26	DRUG[9]	_	_	DRUG[5]	_	_	_	_	_	_	_
5-27	DRUG[9]	_	_	DRUG[5]	_	_	_	_	_	_	_
5-28	DRUG[9]	_	_	DRUG[5]	_	_	_	_	_	_	_
5-29	DRUG[9]	_	_	DRUG[5]	_	_	_	_	_	_	_
5-30	DRUG[9]	_	_	DRUG[5]	_	_	_	_	_	_	_
5-31	DRUG[9]	_	_	DRUG[5]	_	_	_	_	_	_	_
5-32	_	_	_	_	_	_	_	_	_	_	_
6-1	_	_	_	_	_	_	_	_	_	_	_
6-2	_	_	_	_	_	_	_	_	_	_	_
6-3	_	_	_	_	_	_	_	_	_	_	_
6-4	_	_	_	_	_	_	_	_	_	_	_
6-5	_	_	_	_	_	_	_	_	_	_	_
6-6	DRUG	_	DRUG	DRUG	DRUG:HYP	DRUG:HYPER	_	DRUG	_	_	_
6-7	_	_	_	_	INTERACTION[8]	_	_	_	_	_	_
6-8	_	_	INTERACTION[8]	INTERACTION[7]	INTERACTION[8]	_	_	_	_	_	_
6-9	INTERACTION	_	INTERACTION[8]	INTERACTION[7]	INTERACTION[8]	INTERACTION	_	INTERACTION	_	_	_
6-10	_	_	_	_	_	_	_	_	_	_	_
6-11	_	_	_	_	_	_	_	_	_	_	_
6-12	_	_	_	_	_	_	_	_	_	_	_
6-13	_	_	_	_	_	_	_	_	_	_	_
6-14	BEVERAGE[10]	_	BEVERAGE[9]	BEVERAGE[8]	BEVERAGE[9]	BEVERAGE[9]	BEVERAGE[4]	BEVERAGE[7]	BEVERAGE[6]	_	BEVERAGE[6]
6-15	BEVERAGE[10]	_	BEVERAGE[9]	BEVERAGE[8]	BEVERAGE[9]	BEVERAGE[9]	BEVERAGE[4]	BEVERAGE[7]	BEVERAGE[6]	_	BEVERAGE[6]
6-16	BEVERAGE[10]|FOOD[11]	_	BEVERAGE[9]|FOOD[10]	BEVERAGE[8]|FOOD[9]	BEVERAGE[9]|FOOD:HYP[10]	BEVERAGE[9]|FOOD[10]	BEVERAGE[4]|FOOD[5]	BEVERAGE[7]|FOOD[8]	BEVERAGE[6]|FOOD[7]	_	BEVERAGE[6]|FOOD[7]
6-17	_	_	_	_	_	_	_	_	_	_	_
7-1	_	_	_	_	_	_	_	_	_	_	_
7-2	_	_	_	_	_	_	_	_	_	_	_
7-3	_	_	_	_	_	_	_	_	_	_	_
7-4	_	_	_	_	_	_	_	_	_	_	_
7-5	_	_	_	_	_	_	_	_	_	_	_
7-6	_	_	_	_	_	_	_	_	_	_	_
7-7	_	_	_	_	_	_	_	_	_	_	_
7-8	_	_	_	_	_	_	_	_	_	_	_
7-9	_	_	_	_	_	_	_	_	_	_	_
7-10	INTERACTION	_	_	INTERACTION	_	INTERACTION	_	INTERACTION	_	_	_
7-11	_	_	_	_	_	_	_	_	_	_	_
7-12	_	_	_	_	_	_	_	_	_	_	_
7-13	DRUG	_	DRUG	DRUG	DRUG:HYP	DRUG:HYPER	_	DRUG	_	_	_
7-14	_	_	_	_	_	_	_	_	_	_	_
7-15	_	_	_	_	_	_	_	_	_	_	_
7-16	BEVERAGE	_	BEVERAGE	BEVERAGE-HYP	BEVERAGE:HYP	BEVERAGE:HYPER	_	BEVERAGE	_	_	_
7-17	_	_	_	_	_	_	_	_	_	_	_
7-18	_	_	_	_	_	_	_	_	_	_	_
7-19	_	_	_	_	_	_	_	_	_	_	_
7-20	_	_	_	_	_	_	_	_	BEVERAGE[8]	_	_
7-21	BEVERAGE[12]	_	BEVERAGE[11]	BEVERAGE[10]	BEVERAGE[11]	BEVERAGE[11]	_	BEVERAGE[9]	BEVERAGE[8]	_	_
7-22	BEVERAGE[12]	_	BEVERAGE[11]	BEVERAGE[10]	BEVERAGE[11]	BEVERAGE[11]	_	BEVERAGE[9]	BEVERAGE[8]	_	_
7-23	BEVERAGE[12]|FOOD[13]	_	BEVERAGE[11]|FOOD[12]	BEVERAGE[10]	BEVERAGE[11]|FOOD[12]	BEVERAGE[11]|FOOD[12]	_	BEVERAGE[9]|FOOD[10]	BEVERAGE[8]|FOOD[9]	_	_
7-24	_	_	_	_	_	_	_	_	_	_	_
7-25	_	_	_	_	_	_	_	_	_	_	_
8-1	_	_	_	_	_	_	_	_	_	_	_
8-2	_	_	_	_	_	_	_	_	_	_	_
8-3	_	_	_	_	_	_	_	_	_	_	_
8-4	_	_	_	_	_	_	_	_	_	_	_
8-5	_	_	_	_	_	_	_	_	_	_	_
8-6	_	_	_	_	_	_	_	_	_	_	_
8-7	_	_	_	_	_	_	_	_	_	_	_
8-8	_	_	_	_	_	_	_	_	_	_	_
8-9	_	_	_	_	_	_	_	_	_	_	_
8-10	_	_	_	_	_	_	_	_	_	_	_
8-11	_	_	_	_	_	_	_	_	_	_	_
8-12	_	_	_	_	_	_	_	_	_	_	_
8-13	INTERACTION	_	_	INTERACTION	_	INTERACTION	_	_	_	_	_
8-14	_	_	_	_	_	_	_	_	_	_	_
9-1	BEVERAGE[14]	_	BEVERAGE[13]	BEVERAGE[11]	BEVERAGE[13]	BEVERAGE[13]	_	BEVERAGE[11]	BEVERAGE[10]	_	_
9-2	BEVERAGE[14]	_	BEVERAGE[13]	BEVERAGE[11]	BEVERAGE[13]	BEVERAGE[13]	_	BEVERAGE[11]	BEVERAGE[10]	_	_
9-3	BEVERAGE[14]|FOOD[15]	_	BEVERAGE[13]|FOOD[14]	BEVERAGE[11]	BEVERAGE[13]	BEVERAGE[13]|FOOD[14]	_	BEVERAGE[11]|FOOD[12]	BEVERAGE[10]|FOOD[11]	_	_
9-4	_	_	_	_	_	_	_	_	_	_	_
9-5	_	_	_	_	_	_	_	_	_	_	_
9-6	_	_	_	_	_	_	_	_	_	_	_
9-7	_	_	_	INTERACTION[12]	INTERACTION[14]	_	_	INTERACTION[13]	_	_	_
9-8	_	_	_	INTERACTION[12]	INTERACTION[14]	_	_	INTERACTION[13]	_	_	_
9-9	INTERACTION	_	INTERACTION	INTERACTION[12]	INTERACTION[14]	INTERACTION	_	INTERACTION[13]	_	_	_
9-10	_	_	_	_	_	_	_	_	_	_	_
9-11	_	_	_	_	_	_	_	_	_	_	_
9-12	DRUG	_	DRUG	DRUG	DRUG:HYP	DRUG:HYPER	_	DRUG	_	_	_
9-13	_	_	_	_	_	_	_	_	_	_	_
10-1	_	_	_	_	_	_	_	_	_	_	_
10-2	_	_	_	_	_	_	_	_	_	_	_
10-3	_	_	_	_	_	_	_	_	_	_	_
10-4	_	_	_	_	_	_	_	_	_	_	_
10-5	_	_	_	_	_	_	_	_	BEVERAGE[12]	_	_
10-6	BEVERAGE[16]	_	BEVERAGE[15]	BEVERAGE[13]	BEVERAGE[15]	BEVERAGE[15]	_	BEVERAGE[14]	BEVERAGE[12]	_	_
10-7	BEVERAGE[16]	_	BEVERAGE[15]	BEVERAGE[13]	BEVERAGE[15]	BEVERAGE[15]	_	BEVERAGE[14]	BEVERAGE[12]	_	_
10-8	BEVERAGE[16]|FOOD[17]	_	BEVERAGE[15]|FOOD[16]	BEVERAGE[13]|FOOD[14]	BEVERAGE[15]	BEVERAGE[15]|FOOD[16]	_	BEVERAGE[14]|FOOD[15]	BEVERAGE[12]|FOOD[13]	_	_
10-9	_	_	_	_	_	_	_	_	_	_	_
10-10	_	_	_	_	_	_	_	_	_	_	_
10-11	_	_	_	_	_	_	_	_	_	_	_
10-12	INTERACTION	_	INTERACTION	INTERACTION	INTERACTIION	INTERACTION	_	INTERACTION	_	_	_
10-13	_	_	_	_	_	_	_	_	_	_	_
10-14	_	_	_	_	_	_	_	_	_	_	_
10-15	_	_	_	_	_	_	_	_	_	_	_
10-16	DRUG	_	DRUG	DRUG	DRUG:HYP	DRUG:HYPER	_	DRUG	_	_	_
10-17	_	_	_	_	_	_	_	_	_	_	_
11-1	_	_	_	_	_	_	_	_	_	_	_
11-2	_	_	_	_	_	_	_	_	_	_	_
11-3	_	_	_	_	_	_	_	_	_	_	_
11-4	_	_	_	_	_	_	_	_	_	_	_
11-5	_	_	_	_	_	_	_	_	_	_	_
11-6	_	_	_	_	_	_	_	_	_	_	_
11-7	_	_	_	_	_	_	_	_	_	_	_
11-8	_	_	_	_	_	_	_	_	_	_	_
11-9	_	_	_	_	_	_	_	_	_	_	_
11-10	_	_	_	_	_	_	_	_	_	_	_
11-11	DRUG	_	_	DRUG	DRUG:HYP	DRUG:HYPER	_	DRUG	_	_	_
11-12	_	_	_	_	_	_	_	_	_	_	_
11-13	_	_	_	_	_	_	_	_	_	_	_
11-14	_	_	_	_	INTERACTION[16]	_	_	_	_	_	_
11-15	INTERACTION[18]	_	_	INTERACTION[15]	INTERACTION[16]	INTERACTION	_	_	_	_	_
11-16	INTERACTION[18]	_	_	INTERACTION[15]	INTERACTION[16]	_	_	_	_	_	_
11-17	INTERACTION[18]	_	_	INTERACTION[15]	INTERACTION[16]	_	_	_	_	_	_
11-18	INTERACTION[18]	_	_	INTERACTION[15]	INTERACTION[16]	_	_	_	_	_	_
11-19	INTERACTION[18]	_	_	INTERACTION[15]	INTERACTION[16]	_	_	_	_	_	_
11-20	INTERACTION[18]	_	_	INTERACTION[15]	INTERACTION[16]	_	_	_	_	_	_
11-21	INTERACTION[18]	_	_	INTERACTION[15]	INTERACTION[16]	_	_	_	_	_	_
11-22	INTERACTION[18]	_	_	INTERACTION[15]	INTERACTION[16]	_	_	_	_	_	_
11-23	INTERACTION[18]	_	_	INTERACTION[15]	INTERACTION[16]	_	_	_	_	_	_
11-24	INTERACTION[18]	_	_	INTERACTION[15]	INTERACTION[16]	_	_	_	_	_	_
11-25	INTERACTION[18]	_	_	INTERACTION[15]	INTERACTION[16]	INTERACTION[17]	_	_	_	_	_
11-26	INTERACTION[18]	_	_	INTERACTION[15]	INTERACTION[16]	INTERACTION[17]	_	_	_	_	_
11-27	_	_	_	_	_	_	_	_	_	_	_
11-28	_	_	_	_	_	_	_	_	_	_	_
11-29	_	_	_	_	_	_	_	_	_	_	_
11-30	_	_	_	_	_	_	_	_	_	_	_
11-31	_	_	_	_	_	_	_	_	_	_	_
11-32	_	_	_	_	_	_	_	_	_	_	_
11-33	_	_	_	_	_	_	_	_	_	_	_
11-34	_	_	_	_	_	_	_	_	_	_	_
11-35	_	_	_	_	_	_	_	_	_	_	_
11-36	_	_	_	_	_	_	_	_	_	_	_
11-37	_	_	_	_	_	_	_	_	_	_	_
11-38	_	_	_	_	_	_	_	_	_	_	_
11-39	_	_	_	DRUG	_	DRUG:HYPER	_	DRUG	_	_	_
11-40	_	_	_	_	_	_	_	_	_	_	_
11-41	_	_	_	_	_	_	_	_	_	_	_
11-42	_	_	_	_	_	_	_	_	_	_	_
11-43	_	_	_	_	_	_	_	_	_	_	_
12-1	_	_	_	_	DRUG:TAKING[17]	_	_	_	_	_	_
12-2	_	_	_	_	DRUG:TAKING[17]	_	_	_	_	_	_
12-3	_	_	_	_	DRUG:TAKING[17]	_	_	_	_	_	_
12-4	_	_	_	_	DRUG:TAKING[17]	_	_	_	_	_	_
12-5	DRUG	_	_	DRUG	DRUG:TAKING[17]|DRUG:HYP[18]	DRUG:HYPER	_	DRUG	_	_	_
12-6	_	_	_	_	INTERACTION[19]	_	_	_	_	_	_
12-7	_	_	_	INTERACTION[16]	INTERACTION[19]	_	_	_	_	_	_
12-8	INTERACTION	_	_	INTERACTION[16]	INTERACTION[19]	INTERACTION	_	INTERACTION	_	_	_
12-9	_	_	_	_	_	_	_	_	_	_	_
12-10	_	_	_	_	_	_	_	_	_	_	_
12-11	_	_	_	_	_	_	_	_	_	_	_
12-12	_	_	_	_	_	_	_	_	_	_	_
12-13	_	_	_	_	_	_	_	_	_	_	_
12-14	_	_	_	_	_	_	_	_	_	_	_
12-15	FOOD	_	_	FOOD	FOOD	FOOD	_	FOOD	_	_	_
12-16	_	_	_	_	_	_	_	_	_	_	_
13-1	_	_	_	_	_	_	_	_	_	_	_
13-2	_	_	_	_	_	_	_	_	_	_	_
13-3	INTERACTION[19]	_	_	_	_	_	_	_	_	_	_
13-4	INTERACTION[19]	_	_	INTERACTION[17]	_	_	_	_	_	_	_
13-5	INTERACTION[19]	_	_	INTERACTION[17]	_	_	_	_	_	_	_
13-6	INTERACTION[19]	_	_	INTERACTION[17]	_	_	_	_	_	_	_
13-7	INTERACTION[19]	_	_	INTERACTION[17]	_	_	_	_	_	_	_
13-8	_	_	_	_	_	_	_	_	_	_	_
14-1	_	_	_	_	_	_	_	_	_	_	_
14-2	_	_	_	_	_	_	_	_	_	_	_
14-3	_	_	_	_	_	_	_	_	_	_	_
14-4	_	_	_	_	_	_	_	_	_	_	_
14-5	_	_	_	INTERACTION[18]	INTERACTION[20]	_	_	_	_	_	_
14-6	_	_	_	INTERACTION[18]	INTERACTION[20]	_	_	_	_	_	_
14-7	_	_	_	INTERACTION[18]	INTERACTION[20]	INTERACTION[18]	_	_	_	_	_
14-8	_	_	_	INTERACTION[18]	INTERACTION[20]	INTERACTION[18]	_	_	_	_	_
14-9	_	_	_	_	_	_	_	_	_	_	_
14-10	_	_	_	_	_	_	_	_	_	_	_
14-11	DRUG	_	_	DRUG	DRUG:HYP	DRUG:HYPER	_	DRUG	_	_	_
14-12	_	_	_	_	_	_	_	_	_	_	_
14-13	_	_	_	_	_	_	_	_	_	_	_
14-14	_	_	_	_	_	_	_	_	_	_	_
14-15	_	_	_	_	_	_	_	_	_	_	_
14-16	INTERACTION	_	_	_	_	INTERACTION	_	_	_	_	_
14-17	_	_	_	_	_	_	_	_	_	_	_
15-1	_	_	_	_	_	_	_	_	_	_	_
15-2	DRUG	_	_	DRUG	DRUG:HYP	DRUG:HYPER	_	DRUG	_	_	_
15-3	_	_	_	_	_	_	_	_	_	_	_
15-4	_	_	_	_	_	_	_	_	_	_	_
15-5	_	_	_	_	_	_	_	_	_	_	_
15-6	_	_	_	_	_	_	_	_	_	_	_
15-7	_	_	_	_	_	_	_	_	_	_	_
15-8	_	_	_	_	_	_	_	_	_	_	_
15-9	_	_	_	_	_	_	_	_	_	_	_
15-10	_	_	_	_	_	_	_	_	_	_	_
15-11	_	_	_	_	_	_	_	_	_	_	_
15-12	_	_	_	_	_	_	_	_	_	_	_
15-13	_	_	_	_	_	_	_	_	_	_	_
15-14	_	_	_	_	_	_	_	_	_	_	_
15-15	_	_	_	_	_	_	_	_	_	_	_
15-16	_	_	_	_	_	_	_	_	_	_	_
15-17	_	_	_	_	_	_	_	_	_	_	_
15-18	_	_	_	_	_	_	_	_	_	_	_
15-19	_	_	_	_	_	_	_	_	_	_	_
15-20	_	_	_	_	_	_	_	_	_	_	_
15-21	_	_	_	_	_	_	_	_	_	_	_
15-22	_	_	_	_	_	_	_	_	_	_	_
15-23	_	_	_	_	_	_	_	_	_	_	_
15-24	_	_	_	_	_	_	_	_	_	_	_
15-25	_	_	_	_	_	_	_	_	_	_	_
15-26	_	_	_	_	_	_	_	_	_	_	_
15-27	_	_	_	_	_	_	_	_	_	_	_
15-28	_	_	_	_	_	_	_	_	_	_	_
15-29	_	_	_	_	_	_	_	_	_	_	_
15-30	_	_	_	_	_	_	_	_	_	_	_
15-31	_	_	_	_	_	_	_	_	_	_	_
15-32	INTERACTION[20]	_	_	_	_	INTERACTION[19]	_	_	_	_	_
15-33	INTERACTION[20]	_	_	_	_	INTERACTION[19]	_	_	_	_	_
15-34	_	_	_	_	_	_	_	_	_	_	_
15-35	_	_	_	_	_	_	_	_	_	_	_
16-1	_	_	_	_	_	_	_	_	_	_	_
16-2	_	_	_	_	_	_	_	_	_	_	_
16-3	_	_	_	_	_	_	_	_	_	_	_
16-4	_	_	_	_	_	_	_	_	_	_	_
16-5	DRUG[21]	_	_	_	_	_	_	_	_	_	_
16-6	DRUG[21]	DRUG	_	DRUG	DRUG	DRUG	_	DRUG	DRUG	_	DRUG
16-7	_	_	_	_	_	_	_	_	_	_	_
16-8	_	_	_	_	_	_	_	_	_	_	_
16-9	_	_	_	_	_	_	_	_	_	_	_
16-10	_	_	_	_	_	_	_	_	_	_	_
16-11	_	_	_	_	_	_	_	_	_	_	_
16-12	_	_	_	_	_	_	_	_	_	_	_
16-13	_	_	_	_	_	_	_	_	_	_	_
16-14	DRUG	_	_	DRUG	DRUG	DRUG	_	DRUG	_	_	_
16-15	_	_	_	_	_	_	_	_	_	_	_
17-1	_	_	_	_	_	_	_	_	_	_	_
17-2	DRUG[22]	_	_	_	_	_	_	_	_	_	_
17-3	DRUG[22]	_	_	DRUG	DRUG	DRUG	_	DRUG	DRUG	_	_
17-4	_	_	_	_	_	_	_	_	_	_	_
17-5	INTERACTION[23]	_	_	_	INTERACTION[21]	_	_	_	_	_	_
17-6	INTERACTION[23]	_	_	_	INTERACTION[21]	_	_	_	_	_	_
17-7	INTERACTION[23]	_	_	_	INTERACTION[21]	_	_	_	_	_	_
17-8	INTERACTION[23]	_	_	_	INTERACTION[21]	_	_	_	_	_	_
17-9	INTERACTION[23]	_	_	_	INTERACTION[21]	INTERACTION	_	_	_	_	_
17-10	INTERACTION[23]	_	_	_	INTERACTION[21]	_	_	_	_	_	_
17-11	INTERACTION[23]	_	_	_	INTERACTION[21]	_	_	_	_	_	_
17-12	INTERACTION[23]	_	_	_	INTERACTION[21]	_	_	_	_	_	_
17-13	_	_	_	_	_	_	_	_	_	_	_
17-14	_	_	_	_	_	_	_	_	_	_	_
17-15	_	_	_	_	_	_	_	_	_	_	_
17-16	_	_	_	_	_	_	_	_	_	_	_
17-17	_	_	_	_	_	_	_	_	_	_	_
17-18	_	_	_	_	_	_	_	_	_	_	_
17-19	_	_	_	_	_	_	_	_	_	_	_
17-20	_	_	_	_	_	_	_	_	_	_	_
17-21	_	_	_	_	_	_	_	_	_	_	_
17-22	_	_	_	_	_	_	_	_	_	_	_
17-23	_	_	_	_	_	_	_	_	_	_	_
17-24	_	_	_	_	_	_	_	_	_	_	_
17-25	_	_	_	_	_	_	_	_	_	_	_
17-26	_	_	_	_	_	_	_	_	_	_	_
17-27	_	_	_	_	_	_	_	_	_	_	_
18-1	_	_	_	_	_	_	_	_	_	_	_
18-2	INTERACTION	_	_	_	_	INTERACTION	_	_	_	_	_
18-3	_	_	_	_	_	_	_	_	_	_	_
18-4	DRUG	_	_	DRUG	DRUG	DRUG	_	DRUG	_	_	_
18-5	_	_	_	_	_	_	_	_	_	_	_
19-1	_	_	_	_	_	_	_	_	_	_	_
19-2	_	_	_	_	_	_	_	_	_	_	_
19-3	_	_	_	_	_	_	_	_	_	_	_
19-4	INTERACTION	INTERACTION	_	INTERACTION	_	INTERACTION	INTERACTION	_	INTERACTION	INTERACTION	INTERACTION
19-5	_	_	_	_	_	_	_	_	_	_	_
19-6	_	_	_	_	_	_	_	_	_	_	_
19-7	_	_	_	_	_	_	_	_	_	_	_
19-8	_	_	_	_	_	_	_	_	_	_	_
19-9	_	_	_	_	_	_	_	_	_	_	_
19-10	_	_	_	_	_	_	_	_	_	_	_
19-11	_	_	_	_	_	_	_	_	_	_	_
19-12	_	_	_	_	_	_	_	_	_	_	_
19-13	_	_	_	_	_	INTERACTION	_	INTERACTION	_	_	_
19-14	_	_	_	_	_	_	_	_	_	_	_
19-15	DRUG[24]	_	_	_	_	_	_	_	_	_	_
19-16	DRUG[24]	DRUG	_	DRUG	DRUG	DRUG	DRUG	DRUG	DRUG	DRUG	DRUG
19-17	_	_	_	_	_	_	_	_	_	_	_
19-18	_	BEVERAGE[4]	_	_	_	_	_	_	BEVERAGE[14]	_	_
19-19	BEVERAGE[25]	BEVERAGE[4]	_	BEVERAGE[19]	BEVERAGE[22]	BEVERAGE[20]	BEVERAGE[6]	BEVERAGE[16]	BEVERAGE[14]	BEVERAGE[4]	BEVERAGE[8]
19-20	BEVERAGE[25]	BEVERAGE[4]	_	BEVERAGE[19]	BEVERAGE[22]	BEVERAGE[20]	BEVERAGE[6]	BEVERAGE[16]	BEVERAGE[14]	BEVERAGE[4]	BEVERAGE[8]
19-21	BEVERAGE[25]|FOOD[26]	BEVERAGE[4]|FOOD[5]	_	BEVERAGE[19]|FOOD[20]	BEVERAGE[22]	BEVERAGE[20]|FOOD[21]	BEVERAGE[6]|FOOD[7]	BEVERAGE[16]|FOOD[17]	BEVERAGE[14]|FOOD[15]	BEVERAGE[4]	BEVERAGE[8]|FOOD[9]
19-22	_	_	_	_	_	_	_	_	FOOD[15]	_	_
19-23	_	_	_	_	_	_	_	_	_	_	_
19-24	_	_	_	_	_	_	_	_	_	_	_
19-25	_	_	_	_	_	_	_	_	_	_	_
19-26	_	_	_	_	_	_	_	_	_	_	_
19-27	_	_	_	_	_	_	_	_	SUPPLEMENT[16]	_	_
19-28	DRUG	_	_	DRUG	DRUG:TYPE	DRUG	SUPPLEMENT	DRUG	SUPPLEMENT[16]	SUPPLEMENT	SUPPLEMENT
19-29	_	_	_	_	_	_	_	_	_	_	_
19-30	DRUG	_	_	DRUG	DRUG	DRUG	_	DRUG	_	_	_
19-31	_	_	_	_	_	_	_	_	_	_	_
19-32	DRUG	_	_	DRUG	DRUG	DRUG	_	DRUG	_	_	_
19-33	_	_	_	_	_	_	_	_	_	_	_
19-34	_	_	_	_	_	_	_	_	_	_	_
19-35	_	_	_	_	_	_	_	_	_	_	_
19-36	_	_	_	_	_	_	_	_	_	_	_
19-37	_	_	_	INTERACTION[21]	INTERACTION[23]	_	_	_	INTERACTION[17]	_	_
19-38	_	_	_	INTERACTION[21]	INTERACTION[23]	_	_	_	INTERACTION[17]	_	_
19-39	_	_	_	INTERACTION[21]	INTERACTION[23]	_	_	_	INTERACTION[17]	_	_
19-40	_	_	_	INTERACTION[21]	INTERACTION[23]	_	_	_	INTERACTION[17]	_	_
19-41	_	_	_	INTERACTION[21]	INTERACTION[23]	_	_	_	INTERACTION[17]	_	_
19-42	_	_	_	INTERACTION[21]	INTERACTION[23]	_	_	_	INTERACTION[17]	_	_
19-43	_	_	_	INTERACTION[21]	INTERACTION[23]	_	_	_	INTERACTION[17]	_	_
19-44	_	_	_	_	_	_	_	_	INTERACTION[17]	_	_
19-45	INTERACTION	_	_	INTERACTION	_	INTERACTION	_	_	INTERACTION[17]	_	_
19-46	_	_	_	_	_	_	_	_	INTERACTION[17]	_	_
19-47	_	_	_	_	_	_	_	_	_	_	_
19-48	_	_	_	_	_	_	_	_	DRUG[18]	_	_
19-49	DRUG	DRUG	_	DRUG	DRUG	DRUG	DRUG	DRUG	DRUG[18]	DRUG	DRUG
19-50	_	_	_	_	_	_	_	_	DRUG[18]	_	_
19-51	_	_	_	_	_	_	_	_	_	_	_
19-52	_	_	_	_	_	_	_	_	_	_	_
19-53	_	_	_	INTERACTION[22]	INTERACTION[24]	_	_	_	_	_	_
19-54	_	_	_	INTERACTION[22]	INTERACTION[24]	_	_	_	_	_	_
19-55	INTERACTION[27]	INTERACTION[6]	_	INTERACTION[22]	INTERACTION[24]	INTERACTION[22]	INTERACTION[8]	_	INTERACTION[19]	INTERACTION[5]	INTERACTION[10]
19-56	INTERACTION[27]	INTERACTION[6]	_	INTERACTION[22]	INTERACTION[24]	INTERACTION[22]	INTERACTION[8]	_	INTERACTION[19]	INTERACTION[5]	INTERACTION[10]
19-57	INTERACTION[27]	INTERACTION[6]	_	INTERACTION[22]	INTERACTION[24]	INTERACTION[22]	INTERACTION[8]	_	INTERACTION[19]	INTERACTION[5]	INTERACTION[10]
19-58	_	_	_	_	_	_	_	_	_	_	_
19-59	_	_	_	INTERACTION[23]	_	_	_	_	_	_	_
19-60	_	_	_	INTERACTION[23]	_	_	_	_	_	_	_
19-61	_	_	_	INTERACTION[23]	_	_	_	_	_	_	_
19-62	_	_	_	INTERACTION[23]	_	_	_	_	_	_	_
19-63	_	_	_	INTERACTION[23]	_	_	_	_	_	_	_
19-64	_	_	_	_	_	_	_	_	_	_	_
19-65	_	_	_	_	_	_	_	_	_	_	_
19-66	_	_	_	_	_	_	_	_	_	_	_
19-67	INTERACTION[28]	_	_	_	_	INTERACTION	_	_	_	_	_
19-68	INTERACTION[28]	_	_	_	_	_	_	_	_	_	_
19-69	_	_	_	_	_	_	_	_	_	_	_
19-70	_	_	_	_	_	_	_	_	DRUG[20]	_	_
19-71	DRUG	SUPPLEMENT	_	DRUG	DRUG	DRUG	_	DRUG	DRUG[20]	SUPPLEMENT	DRUG
19-72	_	_	_	_	_	_	_	_	_	_	_
19-73	_	_	_	_	_	_	_	_	_	_	_
19-74	_	_	_	_	_	_	_	_	_	_	_
19-75	_	_	_	_	_	_	_	_	_	_	_
20-1	_	_	_	_	_	_	_	_	_	_	_
20-2	_	_	_	_	_	_	_	_	_	_	_
20-3	_	_	_	_	_	_	_	_	_	_	_
20-4	_	_	_	_	_	_	_	_	_	_	_
20-5	_	_	_	_	_	_	_	_	_	_	_
20-6	_	_	_	_	_	_	_	_	_	_	_
20-7	DRUG	_	_	DRUG	DRUG	DRUG	_	DRUG	_	_	_
20-8	_	_	_	_	_	_	_	_	_	_	_
20-9	_	_	_	_	_	_	_	_	_	_	_
20-10	_	_	_	_	_	_	_	INTERACTION	_	_	_
20-11	_	_	_	_	_	_	_	_	_	_	_
20-12	_	_	_	_	_	_	_	_	_	_	_
20-13	_	_	_	_	_	_	_	_	_	_	_
20-14	_	_	_	_	_	_	_	_	_	_	_
20-15	_	_	_	_	_	_	_	_	_	_	_
20-16	BEVERAGE[29]	_	_	BEVERAGE[24]	BEVERAGE:HYP[25]	BEVERAGE[23]	_	BEVERAGE[18]	_	_	_
20-17	BEVERAGE[29]	_	_	BEVERAGE[24]	BEVERAGE:HYP[25]	BEVERAGE[23]	_	BEVERAGE[18]	_	_	_
20-18	BEVERAGE[29]|FOOD[30]	_	_	BEVERAGE[24]|FOOD[25]	BEVERAGE:HYP[25]	BEVERAGE[23]|FOOD[24]	_	BEVERAGE[18]|FOOD[19]	_	_	_
20-19	_	_	_	_	_	_	_	_	_	_	_
20-20	_	_	_	_	_	_	_	_	_	_	_
20-21	_	_	_	_	_	_	_	_	_	_	_
20-22	_	_	_	DRUG	_	DRUG:HYPER	_	DRUG	_	_	_
20-23	_	_	_	_	_	_	_	_	_	_	_
20-24	_	_	_	_	_	_	_	_	_	_	_
20-25	_	_	_	_	_	_	_	_	_	_	_
20-26	_	_	_	_	_	_	_	_	_	_	_
20-27	INTERACTION[31]	_	_	INTERACTION[26]	_	_	_	INTERACTION	_	_	_
20-28	INTERACTION[31]	_	_	INTERACTION[26]	_	_	_	_	_	_	_
20-29	_	_	_	_	_	_	_	_	_	_	_
21-1	_	_	_	_	_	_	_	_	_	_	_
21-2	_	_	_	_	_	_	_	_	_	_	_
21-3	DRUG	_	_	DRUG	DRUG:HYP	DRUG:HYPER	_	DRUG	_	_	_
21-4	_	_	_	_	_	_	_	_	_	_	_
21-5	DRUG	_	_	DRUG	DRUG	DRUG	_	DRUG	_	_	_
21-6	_	_	_	_	_	_	_	_	_	_	_
21-7	DRUG	_	_	DRUG	DRUG	DRUG	_	DRUG	_	_	_
21-8	_	_	_	_	_	_	_	_	_	_	_
21-9	_	_	_	_	_	_	_	_	_	_	_
21-10	_	_	_	_	_	_	_	_	_	_	_
21-11	_	_	_	_	_	_	_	_	_	_	_
21-12	_	_	_	INTERACTION[27]	INTERACTION[26]	_	_	INTERACTION[20]	_	_	_
21-13	_	_	_	INTERACTION[27]	INTERACTION[26]	_	_	INTERACTION[20]	_	_	_
21-14	INTERACTION	_	_	INTERACTION[27]	INTERACTION[26]	INTERACTION	_	INTERACTION[20]	_	_	_
21-15	_	_	_	_	_	_	_	_	_	_	_
21-16	_	_	_	_	_	_	_	_	_	_	_
21-17	_	_	_	_	_	_	_	_	_	_	_
21-18	_	_	_	_	_	_	_	_	_	_	_
21-19	BEVERAGE[32]	_	_	BEVERAGE[28]	BEVERAGE[27]	BEVERAGE[25]	_	BEVERAGE[21]	BEVERAGE[21]	_	_
21-20	BEVERAGE[32]	_	_	BEVERAGE[28]	BEVERAGE[27]	BEVERAGE[25]	_	BEVERAGE[21]	BEVERAGE[21]	_	_
21-21	BEVERAGE[32]|FOOD[33]	_	_	BEVERAGE[28]|FOOD[29]	BEVERAGE[27]	BEVERAGE[25]|FOOD[26]	_	BEVERAGE[21]|FOOD[22]	BEVERAGE[21]|FOOD[22]	_	_
21-22	_	_	_	_	_	_	_	_	FOOD[22]	_	_
22-1	_	_	_	INTERACTION[30]	_	_	_	_	_	_	_
22-2	_	_	_	INTERACTION[30]	_	_	_	_	_	_	_
22-3	INTERACTION	_	_	INTERACTION[30]	_	INTERACTION	_	_	_	_	_
22-4	_	_	_	_	_	_	_	_	_	_	_
22-5	_	_	_	_	_	_	_	_	_	_	_
22-6	DRUG	_	_	DRUG	DRUG:HYP	DRUG:HYPER	_	DRUG	_	_	_
22-7	_	_	_	_	_	_	_	_	_	_	_
22-8	_	_	_	_	_	_	_	_	_	_	_
22-9	_	_	_	_	_	_	_	_	_	_	_
22-10	_	_	_	_	_	_	_	_	_	_	_
22-11	_	_	_	_	_	_	_	_	_	_	_
22-12	_	_	_	_	_	_	_	_	_	_	_
22-13	_	_	_	_	_	_	_	_	_	_	_
22-14	_	_	_	_	_	_	_	_	_	_	_
22-15	_	_	_	_	_	_	_	_	_	_	_
22-16	_	_	_	_	_	_	_	_	_	_	_
22-17	_	_	_	_	_	_	_	_	_	_	_
22-18	_	_	_	_	_	_	_	_	_	_	_
22-19	_	_	_	_	_	_	_	_	_	_	_
22-20	_	_	_	_	_	_	_	_	_	_	_
22-21	_	_	_	_	_	_	_	_	_	_	_
22-22	_	_	_	_	_	_	_	_	_	_	_
22-23	_	_	_	_	_	_	_	_	_	_	_
22-24	_	_	_	_	_	_	_	_	_	_	_
22-25	_	_	_	_	_	_	_	_	_	_	_
22-26	_	_	_	_	_	INTERACTION	_	_	_	_	_
22-27	_	_	_	_	_	_	_	_	_	_	_
22-28	_	_	_	_	_	_	_	_	_	_	_
22-29	BEVERAGE[34]	_	_	BEVERAGE[31]	BEVERAGE[28]	BEVERAGE[27]	_	BEVERAGE[23]	_	_	_
22-30	BEVERAGE[34]	_	_	BEVERAGE[31]	BEVERAGE[28]	BEVERAGE[27]	_	BEVERAGE[23]	_	_	_
22-31	BEVERAGE[34]|FOOD[35]	_	_	BEVERAGE[31]|FOOD[32]	BEVERAGE[28]	BEVERAGE[27]|FOOD[28]	_	BEVERAGE[23]|FOOD[24]	_	_	_
22-32	_	_	_	_	_	_	_	_	_	_	_
23-1	_	_	_	_	_	_	_	_	_	_	_
23-2	_	_	_	_	_	_	_	_	_	_	_
23-3	_	_	_	_	_	_	_	_	_	_	_
23-4	_	_	_	_	_	_	_	_	_	_	_
23-5	_	_	_	_	_	_	_	_	_	_	_
23-6	_	_	_	_	_	_	_	_	_	_	_
23-7	_	_	_	_	_	_	_	_	_	_	_
23-8	_	_	_	_	_	_	_	_	_	_	_
23-9	BEVERAGE[36]	BEVERAGE[7]	_	BEVERAGE[33]	BEVERAGE:HYP[29]	BEVERAGE[29]	_	BEVERAGE[25]	BEVERAGE[23]	BEVERAGE[6]	BEVERAGE[11]
23-10	BEVERAGE[36]	BEVERAGE[7]	_	BEVERAGE[33]	BEVERAGE:HYP[29]	BEVERAGE[29]	_	BEVERAGE[25]	BEVERAGE[23]	BEVERAGE[6]	BEVERAGE[11]
23-11	BEVERAGE[36]|FOOD[37]	BEVERAGE[7]|FOOD[8]	_	BEVERAGE[33]|FOOD[34]	BEVERAGE:HYP[29]	BEVERAGE[29]|FOOD[30]	_	BEVERAGE[25]|FOOD[26]	BEVERAGE[23]|FOOD[24]	BEVERAGE[6]	BEVERAGE[11]
23-12	INTERACTION[38]	INTERACTION[9]	_	INTERACTION[35]	INTERACTION[30]	INTERACTION	_	INTERACTION	_	INTERACTION[7]	INTERACTION[12]
23-13	INTERACTION[38]	INTERACTION[9]	_	INTERACTION[35]	INTERACTION[30]	_	_	_	INTERACTION[25]	INTERACTION[7]	INTERACTION[12]
23-14	_	_	_	_	_	_	_	_	INTERACTION[25]	_	_
23-15	_	_	_	DRUG	DRUG:HYP	DRUG:HYPER	_	DRUG	INTERACTION[25]	_	_
23-16	_	_	_	_	_	_	_	_	INTERACTION[25]	_	_
23-17	_	_	_	_	_	_	_	_	INTERACTION[25]	_	_
23-18	_	_	_	_	_	_	_	_	INTERACTION[25]|DRUG[26]	_	_
23-19	DRUG	DRUG	_	DRUG	DRUG	DRUG	_	DRUG	INTERACTION[25]|DRUG[26]	DRUG	DRUG
23-20	_	_	_	_	_	_	_	_	_	_	_
23-21	_	_	_	_	_	_	_	_	_	_	_
23-22	DRUG	_	_	DRUG	_	DRUG	_	_	_	_	_
23-23	_	_	_	_	_	_	_	_	_	_	_
23-24	_	_	_	_	_	_	_	_	_	_	_
24-1	_	_	_	_	_	_	_	_	_	_	_
24-2	_	BEVERAGE[10]	_	_	_	_	_	_	BEVERAGE[27]	_	_
24-3	BEVERAGE[39]	BEVERAGE[10]	_	BEVERAGE[36]	BEVERAGE[31]	BEVERAGE[31]	_	BEVERAGE[27]	BEVERAGE[27]	BEVERAGE[8]	_
24-4	BEVERAGE[39]	BEVERAGE[10]	_	BEVERAGE[36]	BEVERAGE[31]	BEVERAGE[31]	_	BEVERAGE[27]	BEVERAGE[27]	BEVERAGE[8]	_
24-5	BEVERAGE[39]|FOOD[40]	BEVERAGE[10]|FOOD[11]	_	BEVERAGE[36]	BEVERAGE[31]	BEVERAGE[31]|FOOD[32]	_	BEVERAGE[27]|FOOD[28]	BEVERAGE[27]|FOOD[28]	BEVERAGE[8]	_
24-6	_	_	_	_	_	_	_	_	_	_	_
24-7	_	_	_	_	_	_	_	_	_	_	_
24-8	_	_	_	_	_	_	_	_	_	_	_
24-9	_	_	_	_	_	_	_	_	_	_	_
24-10	_	_	_	_	_	_	_	_	_	_	_
24-11	_	_	_	_	_	_	_	_	_	_	_
24-12	_	_	_	_	_	_	_	_	_	_	_
24-13	_	_	_	_	_	_	_	_	_	_	_
24-14	_	_	_	_	_	_	_	_	_	_	_
24-15	_	_	_	_	_	_	_	_	_	_	_
24-16	_	_	_	_	_	_	_	_	_	_	_
24-17	_	_	_	_	_	_	_	_	_	_	_
24-18	_	_	_	BEVERAGE[37]	_	_	_	BEVERAGE[29]	BEVERAGE[29]	_	_
24-19	BEVERAGE[41]	BEVERAGE[12]	_	BEVERAGE[37]	BEVERAGE[32]	BEVERAGE[33]	_	BEVERAGE[29]	BEVERAGE[29]	BEVERAGE[9]	BEVERAGE[13]|BEVERAGE[14]
24-20	BEVERAGE[41]|FOOD[42]	BEVERAGE[12]|FOOD[13]	_	BEVERAGE[37]	BEVERAGE[32]|FOOD[33]	BEVERAGE[33]|FOOD[34]	_	BEVERAGE[29]|FOOD[30]	BEVERAGE[29]|FOOD[30]	BEVERAGE[9]|FOOD[10]	BEVERAGE[13]|BEVERAGE[14]
24-21	BEVERAGE[41]	_	_	BEVERAGE[37]	BEVERAGE[32]	_	_	BEVERAGE[29]	_	_	BEVERAGE[13]
24-22	BEVERAGE[41]	_	_	BEVERAGE[37]	BEVERAGE[32]	_	_	BEVERAGE[29]	_	_	BEVERAGE[13]
24-23	BEVERAGE[41]|FOOD[43]	FOOD	_	BEVERAGE[37]	BEVERAGE[32]|FOOD[34]	FOOD	_	BEVERAGE[29]|FOOD[31]	FOOD	FOOD	BEVERAGE[13]
24-24	_	_	_	_	_	_	_	_	_	_	_
24-25	_	_	_	_	_	_	_	_	_	_	_
24-26	_	_	_	_	_	_	_	_	_	_	_
24-27	_	_	_	_	_	_	_	_	_	_	_
24-28	_	_	_	_	_	_	_	_	_	_	_
24-29	_	_	_	_	_	_	_	_	_	_	_
24-30	_	_	_	_	_	_	_	_	_	_	_
24-31	INTERACTION[44]	INTERACTION[14]	_	INTERACTION[38]	INTERACTION[35]	INTERACTION[35]	_	_	INTERACTION[31]	INTERACTION[11]	INTERACTION[15]
24-32	INTERACTION[44]	INTERACTION[14]	_	INTERACTION[38]	INTERACTION[35]	INTERACTION[35]	_	INTERACTION	INTERACTION[31]	INTERACTION[11]	INTERACTION[15]
24-33	_	_	_	_	_	_	_	_	INTERACTION[31]	_	_
24-34	_	_	_	_	_	_	_	_	INTERACTION[31]|DRUG[32]	_	_
24-35	DRUG	DRUG	_	DRUG	DRUG	DRUG	_	DRUG	INTERACTION[31]|DRUG[32]	DRUG	DRUG
24-36	_	_	_	_	_	_	_	_	INTERACTION[31]	_	_
24-37	_	_	_	_	_	_	_	_	INTERACTION[31]	_	_
24-38	_	_	_	_	_	_	_	_	INTERACTION[31]	_	_
24-39	_	_	_	_	_	_	_	_	INTERACTION[31]	_	_
24-40	_	_	_	_	_	_	_	_	INTERACTION[31]	_	_
24-41	_	_	_	_	_	_	_	_	_	_	_
24-42	_	_	_	_	_	_	_	_	_	_	_
24-43	_	_	_	_	_	_	_	_	_	_	_
25-1	_	_	_	_	_	_	_	_	_	_	_
25-2	_	_	_	_	_	_	_	_	_	_	_
25-3	_	_	_	_	_	_	_	_	_	_	_
25-4	_	_	_	_	_	_	_	_	_	_	_
25-5	_	_	_	_	_	_	_	_	_	_	_
25-6	_	_	_	_	_	_	_	_	_	_	_
25-7	_	_	_	_	_	_	_	_	_	_	_
25-8	_	_	_	_	_	_	_	_	_	_	_
25-9	_	_	_	_	_	_	_	_	_	_	_
25-10	_	_	_	_	_	_	_	_	_	_	_
25-11	_	_	_	_	_	_	_	_	_	_	_
25-12	PLANT	_	_	PLANT	SUPPLEMENT	FOOD	_	DRUG	_	_	_
25-13	_	_	_	_	_	_	_	_	_	_	_
25-14	_	_	_	_	_	_	_	_	_	_	_
25-15	_	_	_	_	_	_	_	_	_	_	_
25-16	FOOD	_	_	FOOD	FOOD:HYP	FOOD	_	FOOD	_	_	_
25-17	_	_	_	_	_	_	_	_	_	_	_
25-18	FOOD	_	_	FOOD	_	FOOD	_	FOOD	_	_	_
25-19	_	_	_	_	_	_	_	_	_	_	_
25-20	_	_	_	_	_	_	_	_	_	_	_
25-21	_	_	_	_	_	_	_	INTERACTION	_	_	_
25-22	_	_	_	_	_	_	_	_	_	_	_
26-1	_	_	_	_	_	_	_	_	_	_	_
26-2	INTERACTION	_	_	INTERACTION	_	INTERACTION	_	_	_	_	_
26-3	_	_	_	_	_	_	_	_	_	_	_
26-4	_	_	_	_	_	_	_	_	_	_	_
26-5	_	_	_	_	_	_	_	_	_	_	_
26-6	_	_	_	_	_	_	_	_	_	_	_
26-7	_	_	_	_	_	DUREE[36]	_	_	_	_	_
26-8	_	_	_	_	_	DUREE[36]	_	_	_	_	_
26-9	_	_	_	_	_	_	_	_	_	_	_
26-10	_	_	_	_	_	_	_	_	_	_	_
26-11	_	_	_	_	_	_	_	_	_	_	_
26-12	_	_	_	_	_	DUREE[37]	_	_	_	_	_
26-13	_	_	_	_	_	DUREE[37]	_	_	_	_	_
26-14	_	_	_	_	_	_	_	_	_	_	_
26-15	_	_	_	_	_	_	_	_	_	_	_
26-16	_	_	_	_	_	_	_	_	_	_	_
26-17	_	_	_	_	_	_	_	_	_	_	_
26-18	_	_	_	_	_	_	_	_	_	_	_
26-19	_	_	_	_	_	_	_	_	_	_	_
26-20	_	_	_	_	_	_	_	_	_	_	_
26-21	_	_	_	_	_	_	_	_	_	_	_
26-22	_	_	_	_	_	_	_	_	_	_	_
26-23	_	_	_	_	_	_	_	_	_	_	_
26-24	_	_	_	_	_	_	_	_	_	_	_
26-25	_	_	_	_	_	_	_	_	_	_	_
26-26	_	_	_	_	_	_	_	_	_	_	_
26-27	_	_	_	_	_	_	_	_	_	_	_
26-28	_	_	_	_	_	_	_	_	_	_	_
26-29	_	_	_	_	_	_	_	_	_	_	_
26-30	_	_	_	_	_	_	_	_	_	_	_
26-31	_	_	_	_	_	_	_	_	_	_	_
26-32	_	_	_	_	_	_	_	_	_	_	_
26-33	_	_	_	_	_	_	_	_	_	_	_
26-34	_	_	_	_	_	_	_	_	_	_	_
26-35	_	_	_	_	_	_	_	_	_	_	_
27-1	_	_	_	_	_	_	_	_	_	_	_
27-2	_	_	_	_	_	_	_	_	_	_	_
27-3	_	_	_	_	_	_	_	_	_	_	_
27-4	_	_	_	_	_	_	_	_	_	_	_
27-5	INTERACTION	_	_	INTERACTION	_	INTERACTION	_	_	_	_	_
27-6	_	_	_	_	_	_	_	_	_	_	_
27-7	_	_	_	_	_	_	_	_	_	_	_
27-8	_	_	_	_	_	_	_	_	_	_	_
27-9	_	_	_	_	_	_	_	_	_	_	_
27-10	_	_	_	_	_	_	_	_	_	_	_
27-11	_	_	_	_	_	_	_	_	_	_	_
27-12	_	_	_	_	_	_	_	_	_	_	_
27-13	_	_	_	DRUG	_	DRUG	_	DRUG	_	_	_
27-14	_	_	_	_	_	_	_	_	_	_	_
28-1	_	_	_	_	_	_	_	_	_	_	_
28-2	_	_	_	_	_	_	_	_	_	_	_
28-3	_	_	_	_	_	_	_	_	_	_	_
28-4	_	_	_	_	_	_	_	_	_	_	_
28-5	_	BEVERAGE[15]	_	_	_	_	_	_	BEVERAGE[33]	_	_
28-6	BEVERAGE[45]	BEVERAGE[15]	_	BEVERAGE[39]	BEVERAGE[36]	BEVERAGE[38]	BEVERAGE[9]	BEVERAGE[32]	BEVERAGE[33]	BEVERAGE[12]	BEVERAGE[16]
28-7	BEVERAGE[45]	BEVERAGE[15]	_	BEVERAGE[39]	BEVERAGE[36]	BEVERAGE[38]	BEVERAGE[9]	BEVERAGE[32]	BEVERAGE[33]	BEVERAGE[12]	BEVERAGE[16]
28-8	BEVERAGE[45]|FOOD[46]	BEVERAGE[15]|FOOD[16]	_	BEVERAGE[39]|FOOD[40]	BEVERAGE[36]	BEVERAGE[38]|FOOD[39]	BEVERAGE[9]|FOOD[10]	BEVERAGE[32]|FOOD[33]	BEVERAGE[33]|FOOD[34]	BEVERAGE[12]	BEVERAGE[16]
28-9	INTERACTION[47]	INTERACTION[17]	_	INTERACTION[41]	INTERACTION[37]	INTERACTION	INTERACTION[11]	INTERACTION	INTERACTION[35]	INTERACTION[13]	INTERACTION[17]
28-10	INTERACTION[47]	INTERACTION[17]	_	INTERACTION[41]	INTERACTION[37]	_	INTERACTION[11]	_	INTERACTION[35]	INTERACTION[13]	INTERACTION[17]
28-11	INTERACTION[47]	INTERACTION[17]	_	INTERACTION[41]	INTERACTION[37]	_	INTERACTION[11]	_	INTERACTION[35]	INTERACTION[13]	INTERACTION[17]
28-12	_	_	_	_	_	_	_	_	_	_	_
28-13	DRUG[48]	DRUG	_	DRUG	DRUG	DRUG	DRUG	DRUG	DRUG[36]	DRUG	DRUG
28-14	DRUG[48]	_	_	_	_	_	_	_	DRUG[36]	_	_
28-15	DRUG[48]	_	_	_	_	_	_	_	_	_	_
28-16	DRUG[48]	DRUG	_	DRUG	DRUG	DRUG	DRUG	DRUG	DRUG	DRUG	DRUG
28-17	DRUG[48]	_	_	_	_	_	_	_	_	_	_
28-18	DRUG[48]	_	_	_	_	_	_	_	_	_	_
28-19	DRUG[48]	DRUG	_	DRUG	DRUG	DRUG	DRUG	DRUG	DRUG	DRUG	DRUG
28-20	DRUG[48]	_	_	_	_	_	_	_	_	_	_
28-21	DRUG[48]	_	_	_	_	_	_	_	_	_	_
28-22	DRUG[48]	_	_	_	_	_	_	_	_	_	_
28-23	DRUG[48]	_	_	_	_	_	_	_	_	_	_
28-24	DRUG[48]	_	_	_	_	_	_	_	_	_	_
28-25	DRUG[48]	_	_	_	_	_	_	_	_	_	_
28-26	DRUG[48]	_	_	_	_	_	_	_	_	_	_
28-27	DRUG[48]	_	_	_	_	_	_	_	_	_	_
28-28	DRUG[48]	_	_	_	_	_	_	_	_	_	_
28-29	DRUG[48]	_	_	_	_	_	_	_	_	_	_
28-30	DRUG[48]	_	_	_	_	_	_	_	_	_	_
28-31	DRUG[48]	_	_	_	_	_	_	_	DRUG[37]	_	_
28-32	DRUG[48]	DRUG	_	DRUG	DRUG	DRUG	DRUG	DRUG	DRUG[37]	DRUG	DRUG
28-33	DRUG[48]	_	_	_	_	_	_	_	_	_	_
28-34	DRUG[48]	_	_	_	_	_	_	_	_	_	_
28-35	DRUG[48]	_	_	_	_	_	_	_	_	_	_
28-36	DRUG[48]	_	_	_	_	_	_	_	DRUG[38]	_	_
28-37	DRUG[48]	DRUG	_	DRUG	DRUG	DRUG	_	DRUG	DRUG[38]	DRUG	_
28-38	DRUG[48]	_	_	_	_	_	_	_	_	_	_
28-39	DRUG[48]	_	_	_	_	_	_	_	_	_	_
28-40	DRUG[48]	_	_	_	_	_	_	_	_	_	_
28-41	DRUG[48]	_	_	_	_	_	_	_	_	_	_
28-42	DRUG[48]	_	_	_	_	_	_	_	_	_	_
28-43	DRUG[48]	_	_	_	_	_	_	_	_	_	_
28-44	_	_	_	_	_	_	_	_	_	_	_
28-45	_	_	_	_	_	_	_	_	_	_	_
28-46	_	_	_	_	_	_	_	_	_	_	_
28-47	BEVERAGE[49]	BEVERAGE[18]	_	BEVERAGE[42]	BEVERAGE[38]	BEVERAGE[40]	_	BEVERAGE[34]	BEVERAGE[39]	_	_
28-48	BEVERAGE[49]|FOOD[50]	BEVERAGE[18]	_	BEVERAGE[42]|FOOD[43]	BEVERAGE[38]|FOOD[39]	BEVERAGE[40]|FOOD[41]	_	BEVERAGE[34]|FOOD[35]	BEVERAGE[39]|FOOD[40]	_	_
28-49	_	_	_	_	_	_	_	_	_	_	_
28-50	_	_	_	_	_	_	_	_	_	_	_
28-51	INTERACTION[51]	_	_	_	_	_	_	_	_	_	_
28-52	INTERACTION[51]	_	_	_	_	INTERACTION	_	INTERACTION	_	_	_
28-53	_	_	_	_	_	_	_	_	_	_	_
28-54	DRUG[52]	_	_	DRUG	DRUG	DRUG	_	DRUG	DRUG	DRUG	_
28-55	DRUG[52]	_	_	_	_	_	_	_	_	_	_
28-56	DRUG[52]	_	_	_	_	_	_	_	_	_	_
28-57	DRUG[52]	_	_	DRUG	DRUG	DRUG	_	DRUG	DRUG	_	_
28-58	DRUG[52]	_	_	_	_	_	_	_	_	_	_
28-59	DRUG[52]	_	_	_	_	_	_	_	_	_	_
28-60	DRUG[52]	_	_	_	_	DRUG	_	DRUG	_	_	_
28-61	DRUG[52]	_	_	_	_	_	_	_	_	_	_
28-62	DRUG[52]	_	_	_	_	_	_	_	_	_	_
28-63	DRUG[52]	_	_	_	_	_	_	_	DRUG[41]	_	_
28-64	DRUG[52]	_	_	DRUG	DRUG	DRUG	_	DRUG	DRUG[41]	_	_
28-65	DRUG[52]	_	_	_	_	_	_	_	_	_	_
28-66	DRUG[52]	_	_	_	_	_	_	_	_	_	_
28-67	DRUG[52]	_	_	DRUG	_	DRUG	_	DRUG	_	_	_
28-68	DRUG[52]	_	_	_	_	_	_	_	_	_	_
28-69	DRUG[52]	_	_	_	_	_	_	_	_	_	_
28-70	DRUG[52]	_	_	_	_	_	_	_	_	_	_
28-71	DRUG[52]	_	_	_	_	_	_	_	_	_	_
28-72	DRUG[52]	_	_	_	_	DRUG[42]	_	_	_	_	_
28-73	DRUG[52]	_	_	_	_	DRUG[42]	_	_	_	_	_
28-74	DRUG[52]	_	_	_	_	DRUG[42]	_	_	_	_	_
28-75	DRUG[52]	_	_	_	_	DRUG[42]	_	_	_	_	_
28-76	DRUG[52]	_	_	_	_	_	_	_	_	_	_
28-77	DRUG[52]	_	_	_	_	_	_	_	_	_	_
28-78	DRUG[52]	_	_	_	_	_	_	_	DRUG[42]	_	_
28-79	DRUG[52]	_	_	DRUG	DRUG	DRUG	_	DRUG	DRUG[42]	_	_
28-80	DRUG[52]	_	_	_	_	_	_	_	_	_	_
29-1	_	_	_	_	_	_	_	_	_	_	_
29-2	_	_	_	_	_	_	_	_	_	_	_
29-3	_	_	_	_	_	_	_	_	_	_	_
29-4	_	_	_	_	_	_	_	_	_	_	_
29-5	_	_	_	_	_	_	_	_	_	_	_
29-6	_	_	_	_	_	_	_	_	_	_	_
29-7	_	_	_	_	_	_	_	_	_	_	_
29-8	_	_	_	_	_	_	_	_	_	_	_
29-9	_	_	_	_	_	_	_	_	_	_	_
29-10	_	_	_	_	_	_	_	_	_	_	_
29-11	_	_	_	_	_	_	_	_	_	_	_
29-12	_	_	_	_	_	_	_	_	_	_	_
29-13	_	_	_	_	_	_	_	_	_	_	_
29-14	_	_	_	_	_	_	_	_	_	_	_
29-15	_	_	_	_	_	_	_	_	_	_	_
29-16	_	_	_	_	_	_	_	_	_	_	_
29-17	_	_	_	_	_	_	_	_	_	_	_
29-18	_	_	_	_	_	_	_	_	_	_	_
29-19	_	_	_	_	_	_	_	_	_	_	_
29-20	_	_	_	_	_	_	_	_	_	_	_
29-21	_	_	_	_	_	_	_	_	_	_	_
29-22	_	_	_	_	_	_	_	_	_	_	_
29-23	_	_	_	_	_	_	_	_	_	_	_
29-24	_	_	_	_	_	_	_	_	_	_	_
29-25	_	_	_	_	_	_	_	_	_	_	_
30-1	_	_	_	_	_	_	_	_	_	_	_
30-2	_	_	_	_	_	_	_	_	_	_	_
30-3	_	_	_	_	_	_	_	_	_	_	_
30-4	_	_	_	_	_	_	_	_	_	_	_
30-5	_	_	_	_	_	_	_	_	_	_	_
30-6	_	_	_	_	_	_	_	_	_	_	_
30-7	_	_	_	_	_	_	_	_	_	_	_
30-8	_	_	_	_	_	_	_	_	_	_	_
30-9	_	_	_	_	_	_	_	_	_	_	_
30-10	_	_	_	_	_	_	_	_	_	_	_
31-1	_	_	_	_	_	_	_	_	_	_	_
31-2	_	_	_	_	_	_	_	_	_	_	_
31-3	_	_	_	_	_	_	_	_	_	_	_
31-4	_	_	_	_	_	_	_	_	_	_	_
31-5	_	_	_	_	_	_	_	_	_	_	_
31-6	_	_	_	_	_	_	_	INTERACTION	_	_	_
31-7	_	_	_	_	_	_	_	_	_	_	_
31-8	INTERACTION[53]	_	_	_	_	_	_	_	_	_	_
31-9	INTERACTION[53]	_	_	_	_	_	_	_	_	_	_
31-10	_	_	_	_	_	_	_	_	_	_	_
31-11	_	_	_	_	_	_	_	_	_	_	_
31-12	DRUG	_	_	DRUG	DRUG:HYP	DRUG:HYPER	_	DRUG	_	_	_
31-13	_	_	_	_	_	_	_	_	_	_	_
31-14	_	_	_	_	_	_	_	_	_	_	_
31-15	BEVERAGE[54]	_	_	BEVERAGE[44]	BEVERAGE:HYP[40]	BEVERAGE[43]	_	BEVERAGE[36]	_	_	_
31-16	BEVERAGE[54]	_	_	BEVERAGE[44]	BEVERAGE:HYP[40]	BEVERAGE[43]	_	BEVERAGE[36]	_	_	_
31-17	BEVERAGE[54]|FOOD[55]	_	_	BEVERAGE[44]|FOOD[45]	BEVERAGE:HYP[40]|FOOD:HYP[41]	BEVERAGE[43]|FOOD[44]	_	BEVERAGE[36]|FOOD[37]	_	_	_
31-18	_	_	_	_	_	_	_	_	_	_	_
31-19	_	_	_	_	_	_	_	_	_	_	_
31-20	_	_	_	_	_	_	_	_	_	_	_
31-21	_	_	_	_	_	_	_	_	_	_	_
31-22	_	_	_	_	_	_	_	_	_	_	_
31-23	_	_	_	_	_	_	_	_	_	_	_
31-24	_	_	_	_	_	_	_	_	_	_	_
31-25	_	_	_	_	_	_	_	_	_	_	_
31-26	_	_	_	_	_	DUREE[45]	_	_	_	_	_
31-27	_	_	_	_	_	DUREE[45]	_	_	_	_	_
31-28	_	_	_	_	_	_	_	_	_	_	_
31-29	_	_	_	_	_	_	_	_	_	_	_
32-1	_	_	_	_	_	_	_	_	_	_	_
32-2	_	_	_	_	_	_	_	_	_	_	_
32-3	_	_	_	_	_	_	_	_	_	_	_
32-4	_	_	_	_	_	_	_	_	_	_	_
32-5	_	_	_	_	_	_	_	_	_	_	_
32-6	_	_	_	_	_	_	_	_	_	_	_
32-7	_	_	_	_	_	_	_	_	_	_	_
32-8	_	_	_	_	_	_	_	_	_	_	_
32-9	_	_	_	_	_	_	_	_	_	_	_
32-10	_	_	_	_	_	_	_	_	_	_	_
32-11	_	_	_	_	_	_	_	_	_	_	_
32-12	_	_	_	_	_	_	_	_	_	_	_
32-13	_	_	_	_	_	_	_	_	_	_	_
32-14	_	_	_	_	_	_	_	_	_	_	_
32-15	_	_	_	_	_	_	_	_	_	_	_
32-16	_	_	_	_	_	_	_	_	_	_	_
32-17	_	_	_	_	_	_	_	_	_	_	_
32-18	_	_	_	_	_	_	_	_	_	_	_
32-19	_	_	_	_	_	INTERACTION	_	_	_	_	_
32-20	_	_	_	_	_	_	_	_	_	_	_
32-21	_	_	_	_	_	_	_	_	_	_	_
32-22	_	_	_	_	_	_	_	_	_	_	_
32-23	_	_	_	_	_	_	_	_	_	_	_
32-24	_	_	_	_	_	_	_	_	_	_	_
32-25	_	_	_	_	_	_	_	_	_	_	_
32-26	_	_	_	_	_	_	_	_	_	_	_
32-27	_	_	_	_	_	_	_	_	_	_	_
32-28	_	_	_	_	_	_	_	_	_	_	_
32-29	_	_	_	_	_	_	_	_	BEVERAGE[43]	_	_
32-30	BEVERAGE[56]	_	_	BEVERAGE[46]	BEVERAGE[42]	BEVERAGE[46]	_	BEVERAGE[38]	BEVERAGE[43]	_	_
32-31	BEVERAGE[56]	_	_	BEVERAGE[46]	BEVERAGE[42]	BEVERAGE[46]	_	BEVERAGE[38]	BEVERAGE[43]	_	_
32-32	BEVERAGE[56]|FOOD[57]	_	_	BEVERAGE[46]	BEVERAGE[42]|FOOD[43]	BEVERAGE[46]|FOOD[47]	_	BEVERAGE[38]|FOOD[39]	BEVERAGE[43]|FOOD[44]	_	_
32-33	_	_	_	_	_	_	_	_	_	_	_
32-34	_	_	_	_	_	_	_	_	_	_	_
32-35	_	_	_	_	_	_	_	_	_	_	_
32-36	INTERACTION	_	_	INTERACTION	INTERACTION	INTERACTION	_	INTERACTION	_	_	_
32-37	_	_	_	_	_	_	_	_	_	_	_
32-38	_	_	_	_	_	_	_	_	_	_	_
32-39	DRUG	_	_	DRUG	DRUG:HYP	DRUG:HYPER	_	DRUG	_	_	_
32-40	_	_	_	_	_	_	_	_	_	_	_
32-41	_	_	_	_	_	_	_	_	_	_	_
32-42	_	_	_	_	_	_	_	_	_	_	_
